{"Name":"Guide","ItemList":[{"ObjectName":"Image1","Position":{"X":197.70004272460938,"Y":203.0,"Z":0.0},"Size":{"X":176.3000030517578,"Y":148.0,"Z":0.0}},{"ObjectName":"Image1 (1)","Position":{"X":197.70004272460938,"Y":55.0,"Z":0.0},"Size":{"X":176.3000030517578,"Y":148.0,"Z":0.0}},{"ObjectName":"Image1 (2)","Position":{"X":374.0,"Y":55.0,"Z":0.0},"Size":{"X":176.3000030517578,"Y":148.0,"Z":0.0}},{"ObjectName":"Image1 (3)","Position":{"X":374.0,"Y":-93.0,"Z":0.0},"Size":{"X":176.3000030517578,"Y":148.0,"Z":0.0}}],"Window":{"Position":{"X":340.5,"Y":41.20000076293945,"Z":0.0},"Content":"210125","NextButtonContent":"210155","HasNextButton":true,"HasHead":true},"Hand":{"Position":{"X":-24.0,"Y":5.0,"Z":0.0},"Show":true}}