{"Name":"Guide_8_1","ItemList":[{"ObjectName":"GuideImage (1)","AnchorMin":{"X":0.5,"Y":0.5,"Z":0.0},"AnchorMax":{"X":0.5,"Y":0.5,"Z":0.0},"Pivot":{"X":0.5,"Y":0.5,"Z":0.0},"AnchorPosition":{"X":133.82000732421876,"Y":344.29998779296877,"Z":0.0},"Size":{"X":113.69999694824219,"Y":337.29998779296877,"Z":0.0}},{"ObjectName":"GuideImage (2)","AnchorMin":{"X":0.5,"Y":0.5,"Z":0.0},"AnchorMax":{"X":0.5,"Y":0.5,"Z":0.0},"Pivot":{"X":0.5,"Y":0.5,"Z":0.0},"AnchorPosition":{"X":247.52000427246095,"Y":343.1099853515625,"Z":0.0},"Size":{"X":113.69999694824219,"Y":117.51000213623047,"Z":0.0}}],"Window":{"Position":{"X":203.93234252929688,"Y":27.0,"Z":0.0},"Content":"210124","NextButtonContent":"210155","HasNextButton":false,"HasHead":true},"Hand":{"Position":{"X":363.0,"Y":465.0,"Z":0.0},"Direction":{"X":-1.0,"Y":0.0,"Z":0.0},"Duration":0.5,"Show":true}}