{"Name":"Guide_3_4","ItemList":[{"ObjectName":"GuideImage(Clone) (3)","AnchorMin":{"X":0.5,"Y":0.5,"Z":0.0},"AnchorMax":{"X":0.5,"Y":0.5,"Z":0.0},"Pivot":{"X":0.5,"Y":0.5,"Z":0.0},"AnchorPosition":{"X":-209.10000610351563,"Y":113.5,"Z":0.0},"Size":{"X":113.4800033569336,"Y":115.87000274658203,"Z":0.0}}],"Window":{"Position":{"X":-199.0,"Y":-120.30000305175781,"Z":0.0},"Content":"210111","NextButtonContent":"210155","HasNextButton":false,"HasHead":true},"Hand":{"Position":{"X":-44.79999923706055,"Y":187.60000610351563,"Z":0.0},"Direction":{"X":-0.10000000149011612,"Y":-0.10000000149011612,"Z":0.0},"Duration":0.5,"Show":true}}