{"Name":"Guide_9_2","ItemList":[{"ObjectName":"GuideImage (2)","AnchorMin":{"X":0.5,"Y":0.5,"Z":0.0},"AnchorMax":{"X":0.5,"Y":0.5,"Z":0.0},"Pivot":{"X":0.5,"Y":0.5,"Z":0.0},"AnchorPosition":{"X":135.55999755859376,"Y":114.44000244140625,"Z":0.0},"Size":{"X":112.91999816894531,"Y":108.80999755859375,"Z":0.0}}],"Window":{"Position":{"X":166.35446166992188,"Y":-150.7999725341797,"Z":0.0},"Content":"210126","NextButtonContent":"210155","HasNextButton":true,"HasHead":true},"Hand":{"Position":{"X":464.0,"Y":62.0,"Z":0.0},"Show":false}}