{"Name":"Guide_9_1","ItemList":[{"ObjectName":"GuideImage (2)","AnchorMin":{"X":0.0,"Y":0.5,"Z":0.0},"AnchorMax":{"X":0.0,"Y":0.5,"Z":0.0},"Pivot":{"X":0.5,"Y":0.5,"Z":0.0},"AnchorPosition":{"X":215.60003662109376,"Y":-290.3999938964844,"Z":0.0},"Size":{"X":201.4000244140625,"Y":190.6999969482422,"Z":0.0}}],"Window":{"Position":{"X":166.35446166992188,"Y":-150.7999725341797,"Z":0.0},"Content":"210125","NextButtonContent":"210155","HasNextButton":true,"HasHead":true},"Hand":{"Position":{"X":464.0,"Y":62.0,"Z":0.0},"Show":false}}