{"Name":"Guide_3_2","ItemList":[{"ObjectName":"GuideImage(Clone) (3)","AnchorMin":{"X":0.5,"Y":0.5,"Z":0.0},"AnchorMax":{"X":0.5,"Y":0.5,"Z":0.0},"Pivot":{"X":0.5,"Y":0.5,"Z":0.0},"AnchorPosition":{"X":536.7999877929688,"Y":114.30000305175781,"Z":0.0},"Size":{"X":227.1999969482422,"Y":112.9000015258789,"Z":0.0}}],"Window":{"Position":{"X":170.0,"Y":-35.79999923706055,"Z":0.0},"Content":"210109","NextButtonContent":"210155","HasNextButton":false,"HasHead":true},"Hand":{"Position":{"X":683.0,"Y":234.89999389648438,"Z":0.0},"Direction":{"X":-1.0,"Y":0.0,"Z":0.0},"Duration":0.5,"Show":true}}