{"Name":"Guide_2_4","ItemList":[{"ObjectName":"GuideImage(Clone) (3)","AnchorMin":{"X":0.5,"Y":0.5,"Z":0.0},"AnchorMax":{"X":0.5,"Y":0.5,"Z":0.0},"Pivot":{"X":0.5,"Y":0.5,"Z":0.0},"AnchorPosition":{"X":-150.0,"Y":-287.0,"Z":0.0},"Size":{"X":115.0,"Y":115.0,"Z":0.0}}],"Window":{"Position":{"X":-175.04501342773438,"Y":-419.70001220703127,"Z":0.0},"Content":"210106","NextButtonContent":"210155","HasNextButton":false,"HasHead":true},"Hand":{"Position":{"X":0.000003814699994109105,"Y":-225.0,"Z":0.0},"Direction":{"X":-0.10000000149011612,"Y":-0.10000000149011612,"Z":0.0},"Duration":0.5,"Show":true}}