{"Name":"Guide_4_4","ItemList":[{"ObjectName":"GuideImage (2)","AnchorMin":{"X":0.5,"Y":0.5,"Z":0.0},"AnchorMax":{"X":0.5,"Y":0.5,"Z":0.0},"Pivot":{"X":0.5,"Y":0.5,"Z":0.0},"AnchorPosition":{"X":192.3000030517578,"Y":-287.0,"Z":0.0},"Size":{"X":116.80000305175781,"Y":115.0,"Z":0.0}}],"ConditionList":[{"NodeIndex":65,"Direction":5}],"Window":{"Position":{"X":-175.0,"Y":-419.70001220703127,"Z":0.0},"Content":"210116","NextButtonContent":"210155","HasNextButton":false,"HasHead":true},"Hand":{"Position":{"X":355.32720947265627,"Y":-201.39999389648438,"Z":0.0},"Direction":{"X":-0.10000000149011612,"Y":-0.10000000149011612,"Z":0.0},"Duration":0.5,"Show":true}}